Name,Price,Product Link,Build,Frequency,Processor,Display,Memory,Camera,Connectivity,Features,Battery
VivoX Fold5,"Rs. 569,999",https://www.whatmobile.com.pk/Vivo_X-Fold5,"Android 15 OS, up to 4 major Android upgrades",SIM1: GSM 850 / 900 / 1800 / 1900SIM2: GSM 850 / 900 / 1800 / 1900,Octa-core (1 x 3.3 GHz Cortex-X4 + 3 x 3.2 GHz Cortex-A720 + 2 x 3.0 GHz Cortex-A720 + 2 x 2.3 GHz Cortex-A520),"Foldable LTPO AMOLED Capacitive Touchscreen, 1B colors","512GB Built-in, 16GB RAM, UFS 4.1","Triple Camera: 50 MP, f/1.6, 23mm (wide), 1/1.56"", PDAF, OIS + 50 MP, f/2.6, 70mm (periscope telephoto), 1/1.95"", PDAF, OIS, 3x optical zoom + 50 MP, f/2.1, 15mm, (ultrawide), 1/2.76"", PDAF, Dual LED Flash","Wi-Fi 802.11 a/b/g/n/ac/6e/7, dual-band or tri-band, Wi-Fi Direct","Accelerometer, Compass, Fingerprint (side-mounted), Gyro, Proximity",Li-ion Si-Ca 6000 mAh
VivoX200 Pro,"Rs. 329,999",https://www.whatmobile.com.pk/Vivo_X200-Pro,"Android 15 OS, up to 4 major Android upgrades",SIM1: GSM 850 / 900 / 1800 / 1900SIM2: GSM 850 / 900 / 1800 / 1900,Octa-core (1 x 3.63 GHz Cortex-X925 + 3 x 3.3 GHz Cortex-X4 + 4 x 2.4 GHz Cortex-A720),"LTPO AMOLED Capacitive Touchscreen, 1B Colors","512GB Built-in, 16GB RAM, UFS 4.0","Triple Camera: 50 MP, f/1.6, 23mm (wide), 1/1.28"", PDAF, OIS + 200 MP, f/2.7, 85mm (periscope telephoto), 1/1.4"", multi-directional PDAF, OIS, 3.7x optical zoom, macro 2.7:1 + 50 MP, f/2.0, 15mm, (ultrawide), 1/2.76"", AF, LED Flash","Wi-Fi 802.11 a/b/g/n/ac/6/7, dual-band","Accelerometer, color spectrum, Compass, Fingerprint (under display, ultrasonic), Gyro, Proximity, Satellite connectivity support (optional)","(Non removable), 6000 mAh"
VivoX200 FE,"Rs. 219,999",https://www.whatmobile.com.pk/Vivo_X200-FE,Android 15 OS,SIM1: GSM 850 / 900 / 1800 / 1900SIM2: GSM 850 / 900 / 1800 / 1900,Octa-core (1 x 3.4 GHz Cortex-X4 + 3 x 2.85 GHz Cortex-X4 + 4 x 2.0 GHz Cortex-A720),"Capacitive LTPO AMOLED Touchscreen, 1B Colors","512GB Built-in, 12GB RAM, UFS 3.1","Triple Camera: 50 MP, f/1.9, 23mm (wide), 1/1.56"", PDAF + 50 MP, f/2.7, 70mm (periscope telephoto), 1/1.95"", PDAF, OIS, 3x optical zoom + 8 MP, f/2.2, (ultrawide), 1/4.0"", LED Flash","Wi-Fi 802.11 a/b/g/n/ac/6/7, dual-band","Accelerometer, Compass, Fingerprint (under display, optical), Gyro, Proximity",Li-ion Si-Ca 6500 mAh
VivoV60 512GB,"Rs. 159,999",https://www.whatmobile.com.pk/Vivo_V60-512GB,"Android 15, up to 4 major Android upgrades",SIM1: GSM 850 / 900 / 1800 / 1900SIM2: GSM 850 / 900 / 1800 / 1900,Octa-core (1 x 2.8 GHz Cortex-720 + 4 x 2.4 GHz Cortex-720 + 3 x 1.8 GHz Cortex-520),"AMOLED Capacitive Touchscreen, 1B Colors","512GB Built-in, 12GB RAM","Triple Camera: 50 MP, f/1.9, 23mm (wide), 1/1.56"", PDAF, OIS + 50 MP, f/2.7, 73mm (periscope telephoto), 1/1.95"", PDAF, OIS, 3x optical zoom + 8 MP, f/2.0, 15mm, (ultrawide), Ring-LED flash","Wi-Fi 802.11 a/b/g/n/ac/6, dual-band","Accelerometer, Compass, Fingerprint (under display, optical), Gyro, Proximity, Virtual proximity sensing",Li-ion Si-Ca 6500 mAh
VivoV60,"Rs. 149,999",https://www.whatmobile.com.pk/Vivo_V60,"Android 15, up to 4 major Android upgrades",SIM1: GSM 850 / 900 / 1800 / 1900SIM2: GSM 850 / 900 / 1800 / 1900,Octa-core (1 x 2.8 GHz Cortex-720 + 4 x 2.4 GHz Cortex-720 + 3 x 1.8 GHz Cortex-520),"AMOLED Capacitive Touchscreen, 1B Colors","256GB Built-in, 12GB RAM","Triple Camera: 50 MP, f/1.9, 23mm (wide), 1/1.56"", PDAF, OIS + 50 MP, f/2.7, 73mm (periscope telephoto), 1/1.95"", PDAF, OIS, 3x optical zoom + 8 MP, f/2.0, 15mm, (ultrawide), Ring-LED flash","Wi-Fi 802.11 a/b/g/n/ac/6, dual-band","Accelerometer, Compass, Fingerprint (under display, optical), Gyro, Proximity, Virtual proximity sensing",Li-ion Si-Ca 6500 mAh
VivoV50 512GB,"Rs. 149,999",https://www.whatmobile.com.pk/Vivo_V50-512GB,"Android 15 OS, 3 major Android upgrades",SIM1: GSM 850 / 900 / 1800 / 1900SIM2: GSM 850 / 900 / 1800 / 1900,Octa-core (1 x 2.63 GHz Cortex-A715 + 3 x 2.4 GHz Cortex-A715 + 4 x 1.8 GHz Cortex-A510),AMOLED Capacitive Touchscreen,"512GB Built-in, 12GB RAM, UFS 2.2","Dual Camera: 50 MP, f/1.9, 23mm (wide), 1/1.55"", PDAF, OIS + 50 MP, f/2.0, 15mm, (ultrawide), 1/2.76"", AF, Ring-LED flash","Wi-Fi 802.11 a/b/g/n/ac/6, dual-band","Accelerometer, Compass, Fingerprint (under display, optical), Gyro, Proximity",Si-Ca 6000 mAh
VivoV40,"Rs. 139,999",https://www.whatmobile.com.pk/Vivo_V40,Android 14 OS,SIM1: GSM 850 / 900 / 1800 / 1900SIM2: GSM 850 / 900 / 1800 / 1900,Octa-core (1 x 2.63 GHz Cortex-A715 + 3 x 2.4 GHz Cortex-A715 + 4 x 1.8 GHz Cortex-A510),"AMOLED Capacitive Touchscreen, Multitouch","256GB Built-in, 12GB RAM, UFS 2.2","Dual Camera: 50 MP, f/1.9, 24mm (wide), 1/1.56"", PDAF, OIS + 50 MP, f/2.0, 15mm, (ultrawide), 1/2.76"", AF, Ring-LED flash","Wi-Fi 802.11 a/b/g/n/ac, dual-band","Accelerometer, Compass, Fingerprint (under display, optical), Gyro, Proximity",Si-C Li-Ion 5500 mAh
VivoV50,"Rs. 139,999",https://www.whatmobile.com.pk/Vivo_V50,"Android 15 OS, 3 major Android upgrades",SIM1: GSM 850 / 900 / 1800 / 1900SIM2: GSM 850 / 900 / 1800 / 1900,Octa-core (1 x 2.63 GHz Cortex-A715 + 3 x 2.4 GHz Cortex-A715 + 4 x 1.8 GHz Cortex-A510),AMOLED Capacitive Touchscreen,"256GB Built-in, 12GB RAM, UFS 2.2","Dual Camera: 50 MP, f/1.9, 23mm (wide), 1/1.55"", PDAF, OIS + 50 MP, f/2.0, 15mm, (ultrawide), 1/2.76"", AF, Ring-LED flash","Wi-Fi 802.11 a/b/g/n/ac/6, dual-band","Accelerometer, Compass, Fingerprint (under display, optical), Gyro, Proximity",Si-Ca 6000 mAh
VivoV40e,"Rs. 99,999",https://www.whatmobile.com.pk/Vivo_V40e,Android 14 OS,SIM1: GSM 850 / 900 / 1800 / 1900SIM2: GSM 850 / 900 / 1800 / 1900,Octa-core (4 x 2.5 GHz Cortex-A78 + 4 x 2.0 GHz Cortex-A55),"AMOLED Capacitive Touchscreen, 1B, Multitouch","256GB Built-in, 8GB RAM, UFS 2.2","Dual Camera: 50 MP, f/2.0, (wide), 1/1.95"", PDAF, OIS + 8 MP, f/2.2, (ultrawide), Ring-LED flash","Wi-Fi 802.11 a/b/g/n/ac, dual-band","Accelerometer, Compass, Fingerprint (under display, optical), Gyro, Proximity","(Li-ion Non removable), 5500 mAh"
VivoV30e,"Rs. 95,999",https://www.whatmobile.com.pk/Vivo_V30e,Android 14 OS,SIM1: GSM 850 / 900 / 1800 / 1900SIM2: GSM 850 / 900 / 1800 / 1900,Octa-core (4 x 2.2 GHz Cortex-A78 + 4 x 1.8 GHz Cortex-A55),"AMOLED Capacitive Touchscreen, 1B, Multitouch","256GB Built-in, 8GB RAM, UFS 2.2","Dual Camera: 50 MP, f/1.8, 26mm (wide), 1/1.95"", PDAF, + 8 MP, f/2.2, (ultrawide), 1/4.0"", 1.12µm, Ring-LED flash","Wi-Fi 802.11 a/b/g/n/ac, dual-band","Accelerometer, Compass, Fingerprint (under display, optical), Gyro, Proximity","(Li-ion Non removable), 5500 mAh"
VivoV60 Lite 5G,"Rs. 94,999",https://www.whatmobile.com.pk/Vivo_V60-Lite-5G,Android 15 OS,SIM1: GSM 850 / 900 / 1800 / 1900SIM2: GSM 850 / 900 / 1800 / 1900,Octa-core (4 x 2.5 GHz Cortex-A78 + 4 x 2.0 GHz Cortex-A55),"AMOLED Capacitive Touchscreen, 1B Colors","256GB Built-in, 12GB RAM, UFS 3.1","Dual Camera: 50 MP, f/1.8, (wide), 1/1.95"", PDAF + 8 MP, f/2.2, (ultrawide), Ring-LED flash","Wi-Fi 802.11 a/b/g/n/ac/6, dual-band","Accelerometer, Circle to Search, Compass, Fingerprint (under display, optical), Gyro, Proximity",Li-ion Si-Ca 6500 mAh
VivoY73,"Rs. 89,999",https://www.whatmobile.com.pk/Vivo_Y73,Android 11 OS,SIM1: GSM 850 / 900 / 1800 / 1900SIM2: GSM 850 / 900 / 1800 / 1900,Octa-core (2 x 2.05 GHz Cortex-A76 + 6 x 2.0 GHz Cortex-A55),"AMOLED Capacitive Touchscreen, 16M Colors, Multitouch","128GB Built-in, 8GB RAM","Triple Camera: 64 MP, f/1.8, 26mm (wide), 1/1.72"", PDAF + 2 MP, f/2.4, (macro) + 2 MP, f/2.4, (depth), LED Flash","Wi-Fi 802.11 a/b/g/n/ac, dual-band, Wi-Fi Direct, hotspot","Accelerometer, Compass, Fingerprint (under display, optical), Gyro, Proximity","(Li-Po Non removable), 4000 mAh"
VivoV50 Lite 5G,"Rs. 89,999",https://www.whatmobile.com.pk/Vivo_V50-Lite-5G,Android 15 OS,SIM1: GSM 850 / 900 / 1800 / 1900SIM2: GSM 850 / 900 / 1800 / 1900,Octa-core (2 x 2.4 GHz Cortex-A76 + 6 x 2.0 GHz Cortex-A55),AMOLED Capacitive Touchscreen,"256GB Built-in, 12GB RAM, UFS 2.2","Dual Camera: 50 MP, f/1.8, (wide), 1/1.95"", PDAF + 8 MP, f/2.2, (ultrawide), Ring-LED flash","Wi-Fi 802.11 a/b/g/n/ac, dual-band","Accelerometer, Circle to Search, Compass, Fingerprint (under display, optical), Gyro, Proximity",Li-ion Si-Ca 6500 mAh
VivoV60 Lite,"Rs. 76,999",https://www.whatmobile.com.pk/Vivo_V60-Lite,Android 15 OS,SIM1: GSM 850 / 900 / 1800 / 1900SIM2: GSM 850 / 900 / 1800 / 1900,Octa-core (4 x 2.8 GHz Cortex-A73 + 4 x 1.9 GHz Cortex-A53),"AMOLED Capacitive Touchscreen, 1B Colors","256GB Built-in, 8GB RAM, UFS 2.2","Dual Camera: 50 MP, f/1.8, (wide), 1/1.95"", PDAF + 8 MP, f/2.2, (ultrawide), Ring-LED flash","Wi-Fi 802.11 a/b/g/n/ac/6, dual-band","Accelerometer, Circle to Search, Compass, Fingerprint (under display, optical), Gyro, Proximity",Li-ion Si-Ca 6500 mAh
VivoV50 Lite,"Rs. 73,999",https://www.whatmobile.com.pk/Vivo_V50-Lite,Android 15 OS,SIM1: GSM 850 / 900 / 1800 / 1900SIM2: GSM 850 / 900 / 1800 / 1900,Octa-core (4 x 2.8 GHz Cortex-A73 + 4 x 1.9 GHz Cortex-A53),AMOLED Capacitive Touchscreen,"256GB Built-in, 8GB RAM, UFS 2.2","Dual Camera: 50 MP, f/1.8, (wide), 1/1.95"", PDAF + 8 MP, f/2.2, (ultrawide), Ring-LED flash","Wi-Fi 802.11 a/b/g/n/ac, dual-band","Accelerometer, Circle to Search, Compass, Fingerprint (under display, optical), Gyro, Proximity",Li-ion Si-Ca 6500 mAh
VivoY400,"Rs. 64,999",https://www.whatmobile.com.pk/Vivo_Y400,Android 15 OS,SIM1: GSM 850 / 900 / 1800 / 1900SIM2: GSM 850 / 900 / 1800 / 1900,Octa-core (4 x 2.8 GHz Cortex-A73 + 4 x 1.9 GHz Cortex-A53),AMOLED Capacitive Touchscreen,"256GB Built-in, 8GB RAM, UFS 2.2","Dual Camera: 50 MP, f/1.8, (wide), 1/2.96"", PDAF + 2 MP, f/2.4, (depth), Ring-LED flash","Wi-Fi 802.11 a/b/g/n/ac, dual-band","Accelerometer, Circle to Search, Compass, Fingerprint (under display, optical), Gyro, Proximity",Li-ion Si-Ca 6000 mAh
VivoY200 256GB,"Rs. 62,999",https://www.whatmobile.com.pk/Vivo_Y200-256GB,Android 14 OS,SIM1: GSM 850 / 900 / 1800 / 1900SIM2: GSM 850 / 900 / 1800 / 1900,Octa-core (4 × 2.8 GHz + 4 × 1.9 GHz),AMOLED Capacitive Touchscreen,"256GB Built-in, 8GB RAM, UFS 2.2","Dual Camera: 50 MP, f/1.8 + 2 MP, f/2.4, LED Flash","Wi-Fi 802.11 a/b/g/n/ac, dual-band","Accelerometer, Compass, Fingerprint (under display, optical), Gyro, Proximity","(Li-ion Non removable), 5000 mAh"
VivoY100 256GB,"Rs. 61,999",https://www.whatmobile.com.pk/Vivo_Y100-256GB,Android 14 OS,SIM1: GSM 850 / 900 / 1800 / 1900SIM2: GSM 850 / 900 / 1800 / 1900,Octa-core (4 x 2.8 GHz Cortex-A73 + 4 x 1.9 GHz Cortex-A53),"AMOLED Capacitive Touchscreen, Multitouch","256GB Built-in, 8GB RAM (+8GB of Extended RAM ), UFS 2.2","Dual Camera: 50 MP, f/1.8, (wide), PDAF + 2 MP, f/2.4, (depth), LED Flash","Wi-Fi 802.11 a/b/g/n/ac, dual-band","Accelerometer, Compass, Fingerprint (under display, optical), Gyro, Proximity","(Non removable), 5000 mAh"
VivoY29,"Rs. 49,999",https://www.whatmobile.com.pk/Vivo_Y29,Android 15 OS,SIM1: GSM 850 / 900 / 1800 / 1900SIM2: GSM 850 / 900 / 1800 / 1900,Octa-core (4 x 2.8 GHz Cortex-A73 + 4 x 1.9 GHz Cortex-A53),"IPS LCD Capacitive Touchscreen, 16M Colors, Multitouch","128GB Built-in, 8GB RAM, eMMC 5.1","Dual Camera: 50 MP, f/1.8, (wide), PDAF + 2 MP, f/2.4, (depth), Ring-LED flash, Ring-LED flash","Wi-Fi 802.11 a/b/g/n/ac, dual-band","Accelerometer, Compass, Fingerprint (side-mounted), Proximity, Circle to Search",Li-ion 6500 mAh
VivoY28 8GB,"Rs. 44,999",https://www.whatmobile.com.pk/Vivo_Y28-8GB,Android 14 OS,SIM1: GSM 850 / 900 / 1800 / 1900SIM2: GSM 850 / 900 / 1800 / 1900,2.0 Ghz Octa Core,"IPS LCD Capacitive Touchscreen, 16M Colors, Multitouch","128GB Built-in, 8GB RAM (+8GB Extended RAM), UFS 2.2","Dual Camera: 50 MP, f/1.8, (wide), PDAF + 2 MP, f/2.4, (depth), LED Flash","Wi-Fi 802.11 a/b/g/n, dual-band","Accelerometer, Compass, Fingerprint (side-mounted), Proximity","(Non removable), 6000 mAh"
VivoY19s Pro,"Rs. 43,999",https://www.whatmobile.com.pk/Vivo_Y19s-Pro,Android 15 OS,SIM1: GSM 850 / 900 / 1800 / 1900SIM2: GSM 850 / 900 / 1800 / 1900,Octa-core (2 x 1.8 GHz Cortex-A75 + 6 x 1.8 GHz Cortex-A55),IPS LCD Capacitive Touchscreen,"128GB Built-in, 6GB RAM (+6GB Extended RAM)","Dual Camera: 50 MP,  f/1.8 + 0.08 MP, LED Flash","Wi-Fi 802.11 a/b/g/n/ac, dual-band","Accelerometer, Compass, Fingerprint (side-mounted), Proximity",Li-ion 6000 mAh
VivoY21d,"Rs. 43,999",https://www.whatmobile.com.pk/Vivo_Y21d,Android 15 OS,SIM1: GSM 850 / 900 / 1800 / 1900SIM2: GSM 850 / 900 / 1800 / 1900,Octa-Core (2 × 1.8 GHz + 6 × 1.8 GHz),IPS LCD Capacitive Touchscreen,"128GB Built-in, 6GB RAM, eMMC 5.1","Dual Camera: 50 MP, f/1.8 + 0.08 MP, f/2.2, LED Flash","Wi-Fi 802.11 a/b/g/n/ac, dual-band, Wi-Fi Direct, hotspot","Accelerometer, Compass, Fingerprint (side mounted), Gyro, Proximity",Li-ion 6500 mAh
VivoY18 6GB,"Rs. 42,999",https://www.whatmobile.com.pk/Vivo_Y18-6GB,Android 14 OS,SIM1: GSM 850 / 900 / 1800SIM2: GSM 850 / 900 / 1800,Octa-core (2 x 2.0 GHz Cortex-A75 + 6 x 1.8 GHz Cortex-A55),"Capacitive IPS LCD Touchscreen, 16M Colors, Multitouch","128GB Built-in, 6GB RAM","Dual Camera: 50 MP, f/1.8, (wide), PDAF+ 0.08 MP, f/3.0 (auxiliary lens), LED Flash","Wi-Fi 802.11 a/b/g/n, Wi-Fi Direct, hotspot, 2.4GHz/5GHz","Accelerometer, FingerPrint (Side-mounted), Proximity, Compass","(Li-ion Non removable), 5000 mAh"
VivoY19s 6GB,"Rs. 42,999",https://www.whatmobile.com.pk/Vivo_Y19s-6GB,Android 14 OS,SIM1: GSM 850 / 900 / 1800 / 1900SIM2: GSM 850 / 900 / 1800 / 1900,Octa-core (2 x 1.8 GHz Cortex-A75 + 6 x 1.8 GHz Cortex-A55),"IPS LCD Capacitive Touchscreen, 16M Colors, Multitouch","128GB Built-in, 6GB RAM, eMMC 5.1","Dual Camera: 50 MP, f/1.8, (wide), 1/1.95"", PDAF + Auxiliary lens, Ring-LED flash","Wi-Fi 802.11 a/b/g/n/ac, dual-band","Accelerometer, Compass, Fingerprint (side-mounted), Proximity","(Li-ion Non removable), 5500 mAh"
VivoY18,"Rs. 38,499",https://www.whatmobile.com.pk/Vivo_Y18,Android 14 OS,SIM1: GSM 850 / 900 / 1800SIM2: GSM 850 / 900 / 1800,Octa-core (2 x 2.0 GHz Cortex-A75 + 6 x 1.8 GHz Cortex-A55),"Capacitive IPS LCD Touchscreen, 16M Colors, Multitouch","128GB Built-in, 4GB(+4GB Expandable) RAM, eMMC 5.1","Dual Camera: 50 MP, f/1.8, (wide), PDAF+ 0.08 MP, f/3.0 (auxiliary lens), LED Flash","Wi-Fi 802.11 a/b/g/n, Wi-Fi Direct, hotspot, 2.4GHz/5GHz","Accelerometer, FingerPrint (Side-mounted), Proximity, Compass","(Li-ion Non removable), 5000 mAh"
VivoY19s,"Rs. 36,999",https://www.whatmobile.com.pk/Vivo_Y19s,Android 14 OS,SIM1: GSM 850 / 900 / 1800 / 1900SIM2: GSM 850 / 900 / 1800 / 1900,Octa-core (2 x 1.8 GHz Cortex-A75 + 6 x 1.8 GHz Cortex-A55),"IPS LCD Capacitive Touchscreen, 16M Colors, Multitouch","128GB Built-in, 4GB RAM, eMMC 5.1","Dual Camera: 50 MP, f/1.8, (wide), 1/1.95"", PDAF + Auxiliary lens, Ring-LED flash","Wi-Fi 802.11 a/b/g/n/ac, dual-band","Accelerometer, Compass, Fingerprint (side-mounted), Proximity","(Li-ion Non removable), 5500 mAh"
VivoY04 128GB,"Rs. 31,999",https://www.whatmobile.com.pk/Vivo_Y04-128GB,Android 15 OS,SIM1: GSM 850 / 900 / 1800 / 1900SIM2: GSM 850 / 900 / 1800 / 1900,Octa-core (2 x 2.0 GHz Cortex-A75 + 6 x 1.8 GHz Cortex-A55),IPS LCD Capacitive Touchscreen,"128GB Built-in, 4GB RAM, eMMC 5.1","Dual Camera: 13 MP, f/2.2, (wide), PDAF + 0.08 MP, f/3.0 (auxiliary lens), LED Flash","Wi-Fi 802.11 a/b/g/n/ac, dual-band","Accelerometer, Fingerprint (side-mounted), Proximity",Li-ion 5500 mAh
VivoY03 128GB,"Rs. 30,999",https://www.whatmobile.com.pk/Vivo_Y03-128GB,Android 14 OS,SIM1: GSM 850 / 900 / 1800 / 1900SIM2: GSM 850 / 900 / 1800 / 1900,Octa-core (2 x 2.0 GHz Cortex-A75 + 6 x 1.8 GHz Cortex-A55),"IPS LCD Capacitive Touchscreen, 16M Colors, Multitouch","128GB Built-in, 4GB RAM, eMMC 5.1","Dual Camera: 13 MP, f/2.2, (wide), PDAF + 0.08 MP, f/3.0 (auxiliary lens), LED Flash","Wi-Fi 802.11 a/b/g/n/ac, dual-band","Accelerometer, Proximity","(Li-Po Non removable), 5000 mAh"
VivoY03t 128GB,"Rs. 29,999",https://www.whatmobile.com.pk/Vivo_Y03t-128GB,Android 14 OS,SIM1: GSM 850 / 900 / 1800 / 1900SIM2: GSM 850 / 900 / 1800 / 1900,Octa-core (2 x 1.8 GHz Cortex-A75 + 6 x 1.8 GHz Cortex-A55),IPS LCD Capacitive Touchscreen,"128GB Built-in, 4GB RAM, eMMC 5.1","Dual Camera: 13 MP, f/2.2, (wide), PDAF + 0.08 MP, f/3.0 (auxiliary lens), LED Flash","Wi-Fi 802.11 a/b/g/n/ac, dual-band","Accelerometer, Proximity","(Li-ion Non removable), 5000 mAh"
VivoY04,"Rs. 28,999",https://www.whatmobile.com.pk/Vivo_Y04,Android 14 OS,SIM1: GSM 850 / 900 / 1800 / 1900SIM2: GSM 850 / 900 / 1800 / 1900,Octa-core (2 x 2.0 GHz Cortex-A75 + 6 x 1.8 GHz Cortex-A55),IPS LCD Capacitive Touchscreen,"64 Built-in, 4GB RAM, eMMC 5.1","Dual Camera: 13 MP, f/2.2, (wide), PDAF + 0.08 MP, f/3.0 (auxiliary lens), LED Flash","Wi-Fi 802.11 a/b/g/n/ac, dual-band","Accelerometer, Fingerprint (side-mounted), Proximity",Li-ion 5500 mAh
VivoY03,"Rs. 27,999",https://www.whatmobile.com.pk/Vivo_Y03,Android 14 OS,SIM1: GSM 850 / 900 / 1800 / 1900SIM2: GSM 850 / 900 / 1800 / 1900,Octa-core (2 x 2.0 GHz Cortex-A75 + 6 x 1.8 GHz Cortex-A55),"IPS LCD Capacitive Touchscreen, 16M Colors, Multitouch","64 Built-in, 4GB RAM, eMMC 5.1","Dual Camera: 13 MP, f/2.2, (wide), PDAF + 0.08 MP, f/3.0 (auxiliary lens), LED Flash","Wi-Fi 802.11 a/b/g/n/ac, dual-band","Accelerometer, Proximity",Li-Po Non removable 5000 mAh
VivoY03t,"Rs. 25,999",https://www.whatmobile.com.pk/Vivo_Y03t,Android 14 OS,SIM1: GSM 850 / 900 / 1800 / 1900SIM2: GSM 850 / 900 / 1800 / 1900,Octa-core (2 x 1.8 GHz Cortex-A75 + 6 x 1.8 GHz Cortex-A55),"IPS LCD Capacitive Touchscreen, 16M Colors, Multitouch","64GB Built-in, 4GB RAM, eMMC 5.1","Dual Camera: 13 MP, f/2.2, (wide), PDAF + 0.08 MP, f/3.0 (auxiliary lens), LED Flash","Wi-Fi 802.11 a/b/g/n/ac, dual-band","Accelerometer, Proximity","(Li-ion Non removable), 5000 mAh"
VivoV29,"Rs. 159,999",https://www.whatmobile.com.pk/Vivo_V29,Android 13 OS,SIM1: GSM 850 / 900 / 1800 / 1900SIM2: GSM 850 / 900 / 1800 / 1900,Octa-core (1 x 2.4 GHz Cortex-A78 + 3 x 2.2 GHz Cortex-A78 + 4 x 1.9 GHz Cortex-A55),"AMOLED Capacitive Touchscreen, 1B, Multitouch","256GB Built-in, 12GB RAM, UFS 2.2","Triple Camera: 50 MP, f/1.9, (wide), 1/1.56"", PDAF, OIS + 8 MP, f/2.2, (ultrawide), 1/4"" + 2 MP, f/2.4, (depth), Ring-LED flash","Wi-Fi 802.11 a/b/g/n/ac, dual-band, Wi-Fi Direct","Accelerometer, Compass, Fingerprint (under display, optical), Gyro, Proximity","(Li-Po Non removable), 4600 mAh"
VivoV30,"Rs. 129,999",https://www.whatmobile.com.pk/Vivo_V30,Android 14 OS,SIM1: GSM 850 / 900 / 1800 / 1900SIM2: GSM 850 / 900 / 1800 / 1900,Octa-core (1 x 2.63 GHz Cortex-A715 + 3 x2.4 GHz Cortex-A715 + 4x 1.8 GHz Cortex-A510),"AMOLED Capacitive Touchscreen, 1B, Multitouch","256GB Built-in, 12GB RAM, UFS 2.2","Triple Camera: 50 MP, f/1.9, 23mm (wide), 1/1.55"", PDAF, OIS + 50 MP, f/2.0, 15mm, (ultrawide), 1/2.76"", AF + 2 MP, f/2.4 (market/region dependent), Ring-LED flash","Wi-Fi 802.11 a/b/g/n/ac/6, dual-band, Wi-Fi Direct","Accelerometer, Compass, Fingerprint (under display, optical), Gyro, Proximity","(Li-Po Non removable), 5000 mAh"
VivoV29e,"Rs. 79,999",https://www.whatmobile.com.pk/Vivo_V29e,Android 13 OS,SIM1: GSM 850 / 900 / 1800 / 1900SIM2: GSM 850 / 900 / 1800 / 1900,Octa-core (2 x 2.2 GHz Kryo 660 Gold + 6 x 1.8 GHz Kryo 660 Silver),"AMOLED Capacitive Touchscreen, Multitouch","256GB Built-in, 8GB RAM, UFS 2.2","Dual Camera: 64 MP, f/1.8, (wide), PDAF, OIS + 8 MP, f/2.2, (ultrawide), Ring-LED flash","Wi-Fi 802.11 a/b/g/n/ac, dual-band","Accelerometer, Compass, Fingerprint (under display, optical), Gyro, Proximity","(Li-Po Non removable), 4800 mAh"
VivoY36,"Rs. 59,999",https://www.whatmobile.com.pk/Vivo_Y36,Android 13 OS,SIM1: GSM 850 / 900 / 1800 / 1900SIM2: GSM 850 / 900 / 1800 / 1900,Octa-core (4 x 2.4 GHz Kryo 265 Gold + 4 x 1.9 GHz Kryo 265 Silver),"IPS LCD Capacitive Touchscreen, 16M Colors, Multitouch","128GB Built-in, 8GB RAM","Dual Camera: 50 MP, f/1.8, (wide), PDAF + 2 MP, f/2.4, (depth), LED Flash","Wi-Fi 802.11 a/b/g/n/ac, dual-band","Accelerometer, Compass, Fingerprint (side mounted), Gyro, Proximity","(Li-Po Non removable), 5000 mAh"
VivoY200,"Rs. 57,999",https://www.whatmobile.com.pk/Vivo_Y200,Android 14 OS,SIM1: GSM 850 / 900 / 1800 / 1900SIM2: GSM 850 / 900 / 1800 / 1900,Octa-core (4 × 2.8 GHz + 4 × 1.9 GHz),AMOLED Capacitive Touchscreen,"128GB Built-in, 8GB RAM, UFS 2.2","Dual Camera: 50 MP + 2 MP, LED Flash","Wi-Fi 802.11 a/b/g/n/ac, dual-band","Accelerometer, Compass, Fingerprint (under display, optical), Gyro, Proximity","(Li-ion Non removable), 5000 mAh"
VivoY36 256GB,"Rs. 54,999",https://www.whatmobile.com.pk/Vivo_Y36-256GB,Android 13 OS,SIM1: GSM 850 / 900 / 1800 / 1900SIM2: GSM 850 / 900 / 1800 / 1900,Octa-core (4 x 2.4 GHz Kryo 265 Gold + 4 x 1.9 GHz Kryo 265 Silver),"IPS LCD Capacitive Touchscreen, 16M Colors, Multitouch","256GB Built-in, 8GB RAM","Dual Camera: 50 MP, f/1.8, (wide), PDAF + 2 MP, f/2.4, (depth), LED Flash","Wi-Fi 802.11 a/b/g/n/ac, dual-band","Accelerometer, Compass, Fingerprint (side mounted), Gyro, Proximity","(Li-Po Non removable), 5000 mAh"
VivoY27,"Rs. 47,999",https://www.whatmobile.com.pk/Vivo_Y27,Android 13 OS,SIM1: GSM 850 / 900 / 1800 / 1900SIM2: GSM 850 / 900 / 1800 / 1900,Octa-core (2 x 2.0 GHz Cortex-A75 + 6 x 1.8 GHz Cortex-A55),"IPS LCD Capacitive Touchscreen, 16M Colors, Multitouch","128GB Built-in, 6GB RAM","Dual Camera: 50 MP, f/1.8, (wide), PDAF + 2 MP, f/2.4, (macro)","Wi-Fi 802.11 a/b/g/n/ac, dual-band, hotspot","Accelerometer, Compass, Fingerprint (side-mounted), Proximity","(Li-Po Non removable), 5000 mAh"
VivoY27s,"Rs. 46,999",https://www.whatmobile.com.pk/Vivo_Y27s,Android 13 OS,SIM1: GSM 850 / 900 / 1800 / 1900SIM2: GSM 850 / 900 / 1800 / 1900,Octa-core (4 x 2.4 GHz Kryo 265 Gold + 4 x 1.9 GHz Kryo 265 Silver),"IPS LCD Capacitive Touchscreen, 16M Colors, Multitouch","128GB Built-in, 8GB RAM","Dual Camera: 50 MP, f/1.8, (wide), PDAF + 2 MP, f/2.4, (depth), dual-LED dual-tone flash","Wi-Fi 802.11 a/b/g/n/ac, dual-band","Accelerometer, Compass, Fingerprint (side-mounted), Gyro, Proximity","(Li-Po Non removable), 5000 mAh"
VivoY22 128GB,"Rs. 45,999",https://www.whatmobile.com.pk/Vivo_Y22-128GB,Android 12 OS,SIM1: GSM 850 / 900 / 1800 / 1900SIM2: GSM 850 / 900 / 1800 / 1900,Octa-core (2 x 2.0 GHz Cortex-A75 + 6 x 1.8 GHz Cortex-A55),"IPS LCD Capacitive Touchscreen, 16M Colors, Multitouch","128GB Built-in, 4GB RAM","Dual Camera: 50 MP, f/1.8, (wide), PDAF + 2 MP, f/2.4, (macro)","Wi-Fi 802.11 a/b/g/n/ac, dual-band, hotspot","Accelerometer, Compass, Fingerprint (side-mounted), Proximity","(Li-Po Non removable), 5000 mAh"
VivoY28,"Rs. 42,999",https://www.whatmobile.com.pk/Vivo_Y28,Android 14 OS,SIM1: GSM 850 / 900 / 1800 / 1900SIM2: GSM 850 / 900 / 1800 / 1900,Octa-core (2 x 2.0 GHz Cortex-A75 + 6 x 1.8 GHz Cortex-A55),"IPS LCD Capacitive Touchscreen, 16M Colors, Multitouch","128GB Built-in, 6GB RAM","Dual Camera: 50 MP, f/1.8, (wide), PDAF + 2 MP, f/2.4, (depth), LED Flash","Wi-Fi 802.11 a/b/g/n, dual-band","Accelerometer, Compass, Fingerprint (side-mounted), Proximity","(Non removable), 6000 mAh"
VivoY17s 6GB,"Rs. 42,999",https://www.whatmobile.com.pk/Vivo_Y17s-6GB,Android 13 OS,SIM1: GSM 850 / 900 / 1800 / 1900SIM2: GSM 850 / 900 / 1800 / 1900,Octa-core (2 x 2.0 GHz Cortex-A75 + 6 x 1.8 GHz Cortex-A55),"IPS LCD Capacitive Touchscreen, 16M Colors, Multitouch","128GB Built-in, 6GB RAM","Dual Camera: 50 MP, f/1.8, (wide), PDAF + 2 MP, f/2.4, (depth), LED Flash","Wi-Fi 802.11 a/b/g/n/ac, dual-band","Accelerometer, Compass, Fingerprint (rear mounted), Proximity","(Li-Po Non removable), 5000 mAh"
VivoY17s,"Rs. 38,499",https://www.whatmobile.com.pk/Vivo_Y17s,Android 13 OS,SIM1: GSM 850 / 900 / 1800 / 1900SIM2: GSM 850 / 900 / 1800 / 1900,Octa-core (2 x 2.0 GHz Cortex-A75 + 6 x 1.8 GHz Cortex-A55),"IPS LCD Capacitive Touchscreen, 16M Colors, Multitouch","128GB Built-in, 4GB RAM","Dual Camera: 50 MP, f/1.8, (wide), PDAF + 2 MP, f/2.4, (depth), LED Flash","Wi-Fi 802.11 a/b/g/n/ac, dual-band","Accelerometer, Compass, Fingerprint (rear mounted), Proximity","(Li-Po Non removable), 5000 mAh"
VivoY02t 128GB,"Rs. 31,999",https://www.whatmobile.com.pk/Vivo_Y02t-128GB,Android 13 OS,SIM1: GSM 850 / 900 / 1800 / 1900SIM2: GSM 850 / 900 / 1800 / 1900,Octa-core (4 x 2.35 GHz Cortex-A53 + 4 x 1.8 GHz Cortex-A53),"IPS LCD Capacitive Touchscreen, 16M Colors, Multitouch","128GB Built-in, 4GB RAM, (+4GB Extended RAM)","8 MP, f/2.0, LED Flash","Wi-Fi 802.11 a/b/g/n/ac, dual-band","Accelerometer, Proximity, Ambient light senso","(Li-Po Non removable), 5000 mAh"
VivoX80,"Rs. 169,999",https://www.whatmobile.com.pk/Vivo_X80,Android 12 OS,SIM1: GSM 850 / 900 / 1800 / 1900SIM2: GSM 850 / 900 / 1800 / 1900,Octa-core (1 x 3.05 GHz Cortex-A78 + 3 x 2.6 GHz Cortex-A78 + 4 x 2.0 GHz Cortex-A55),"AMOLED Capacitive Touchscreen, Multitouch","256GB Built-in, 12GB RAM (+4GB Extended RAM), UFS 3.1","Triple Camera: 50 MP, f/1.8, (wide), 1/1.49"", PDAF, Laser AF, OIS + 12 MP, f/2.0, 50mm (telephoto), 1/2.93"", PDAF, 2x optical zoom + 12 MP, f/2.0, 16mm (ultrawide), 1/2.93"", AF, LED Flash","Wi-Fi 802.11 a/b/g/n/ac/6, dual-band, Wi-Fi Direct, hotspot","Accelerometer, color spectrum, Compass, Fingerprint (under display, optical), Gyro, Proximity","(Li-Po Non removable), 4500 mAh"
VivoV25,"Rs. 139,999",https://www.whatmobile.com.pk/Vivo_V25,Android 12 OS,SIM1: GSM 850 / 900 / 1800 / 1900,Octa-core (2 x 2.4 GHz Cortex-A78 + 6 x 2.0 GHz Cortex-A55),"AMOLED Capacitive Touchscreen, Multitouch","256GB Built-in, 12GB RAM (+8GB Extended RAM)","Triple Camera: 64 MP, f/1.8, (wide), PDAF, OIS + 8 MP, f/2.2, 16mm, (ultrawide), 1/4"" + 2 MP, f/2.4, (macro), LED Flash","Wi-Fi 802.11 a/b/g/n/ac, dual-band, Wi-Fi Direct, hotspot","Color changing back panel color, Accelerometer, Compass, Fingerprint (under display, optical), Gyro, Proximity","(Li-Po Non removable), 4500 mAh"
VivoX70 Pro,"Rs. 139,999",https://www.whatmobile.com.pk/Vivo_X70-Pro,Android 11 OS,SIM1: GSM 850 / 900 / 1800 / 1900SIM2: GSM 850 / 900 / 1800 / 1900,2.8 Ghz Octa Core,"AMOLED Capacitive Touchscreen, Multitouch","256GB Built-in, 12GB RAM (+4GB Extended RAM)","Quad Camera: 50 MP, f/1.6, (wide), 1/1.31"", PDAF, Laser AF, OIS + 8 MP, f/3.4, 125mm (periscope telephoto), 1/4.0"", PDAF, OIS, 5x optical zoom + 12 MP, f/1.8, 50mm (telephoto), 1/2.93"", PDAF, 2x optical zoom + 12 MP, (ultrawide), LED Flash","Wi-Fi 802.11 a/b/g/n/ac/6, dual-band, Wi-Fi Direct, hotspot","Accelerometer, color spectrum, Compass, FingerPrint (under display, optical, Gyro, Proximity","(Li-Po Non removable), 4450 mAh"
VivoX60 Pro,"Rs. 129,999",https://www.whatmobile.com.pk/Vivo_X60-Pro,Android 11 OS,SIM1: GSM 850 / 900 / 1800 / 1900SIM2: GSM 850 / 900 / 1800 / 1900,Octa-core (1 x 3.2 GHz Kryo 585 + 3 x 2.42 GHz Kryo 585 + 4 x 1.80 GHz Kryo 585),"AMOLED Capacitive Touchscreen, 16M Colors, Multitouch","256GB Built-in, 12GB RAM","Triple Camera: 48 MP, f/1.5, 26mm (wide), 1/2.0"", PDAF, gimbal stabilization + 13 MP, f/2.5, 50mm (portrait), 1/2.8"", PDAF, 2x optical zoom + 13 MP, f/2.2, 16mm (ultrawide), LED Flash","Wi-Fi 802.11 a/b/g/n/ac, dual-band, Wi-Fi Direct, hotspot","Accelerometer, color spectrum, Compass, FingerPrint (under display, optical, Gyro, Proximity","(Li-Po Non removable), 4200 mAh"
VivoV25e,"Rs. 109,999",https://www.whatmobile.com.pk/Vivo_V25e,Android 12 OS,SIM1: GSM 850 / 900 / 1800 / 1900SIM2: GSM 850 / 900 / 1800 / 1900,Octa-core (2 x 2.2 GHz Cortex-A76 + 6 x 2.0 GHz Cortex-A55),"AMOLED Capacitive Touchscreen, Multitouch","256GB Built-in, 8GB RAM (+8GB of Extended RAM )","Triple Camera: 64 MP, f/1.8, (wide),, PDAF, OIS + 2 MP, f/2.4, (macro) + 2 MP, f/2.4, (depth), LED Flash","Wi-Fi 802.11 a/b/g/n/ac, dual-band, Wi-Fi Direct, hotspot","Accelerometer, Color changing back panel color, Compass, Fingerprint (under display, optical), Gyro, Proximity","(Li-Po Non removable), 4500 mAh"
VivoV23,"Rs. 99,999",https://www.whatmobile.com.pk/Vivo_V23,Android 12 OS,SIM1: GSM 850 / 900 / 1800 / 1900,Octa-core (2 x 2.5 GHz Cortex-A78 + 6 x 2.0 GHz Cortex-A55),"AMOLED Capacitive Touchscreen, Multitouch","256GB Built-in, 12GB RAM (+4GB Extended RAM)","Triple Camera: 64 MP, f/1.9, 26mm (wide), PDAF + 8 MP, f/2.2, 16mm (ultrawide), 1/4.0"" + 2 MP, f/2.4, (macro), Dual LED Flash","Wi-Fi 802.11 a/b/g/n/ac, dual-band, Wi-Fi Direct, hotspot","Accelerometer, Compass, Fingerprint (under display, optical), Gyro, Proximity","(Li-Po Non removable), 4200 mAh"
VivoV27e,"Rs. 99,999",https://www.whatmobile.com.pk/Vivo_V27e,Android 13 OS,SIM1: GSM 850 / 900 / 1800 / 1900,Octa-core (2 x 2.2 GHz Cortex-A76 + 6 x 2.0 GHz Cortex-A55),"AMOLED Capacitive Touchscreen, 16M Colors, Multitouch","256GB Built-in, 8GB RAM","Triple Camera: 64 MP, f/1.8, (wide), PDAF, OIS + 2 MP, f/2.4, (macro) + 2 MP, f/2.4, (depth)","Wi-Fi 802.11 a/b/g/n/ac, dual-band, Wi-Fi Direct","Accelerometer, Compass, Fingerprint (under display, optical), Gyro, Proximity","(Li-Po Non removable), 4600 mAh"
VivoY35,"Rs. 79,999",https://www.whatmobile.com.pk/Vivo_Y35,Android 11 OS,SIM1: GSM 850 / 900 / 1800 / 1900SIM2: GSM 850 / 900 / 1800 / 1900,Octa-core (4 x 2.4 GHz Kryo 265 Gold + 4 x 1.9 GHz Kryo 265 Silver),"IPS LCD Capacitive Touchscreen, 16M Colors, Multitouch","128GB Built-in, 8GB RAM (+8GB of Extended RAM )","Triple Camera: 50 MP, f/1.8, (wide), PDAF + 2 MP, f/2.4, (macro) + 2 MP, f/2.4, (depth), LED Flash","Wi-Fi 802.11 a/b/g/n/ac, dual-band, Wi-Fi Direct, hotspot","Accelerometer, Compass, Fingerprint (side mounted), Gyro, Proximity","(Li-Po Non removable), 5000 mAh"
VivoY55,"Rs. 75,499",https://www.whatmobile.com.pk/Vivo_Y55,Android 12 OS,SIM1: GSM 850 / 900 / 1800 / 1900SIM2: GSM 850 / 900 / 1800 / 1900,Octa core (4 x 2.4 GHz Kryo 265 + 4 x 1.9 GHz Kryo 265),"AMOLED Capacitive Touchscreen, Multitouch","128GB Built-in, 8GB RAM","Triple Camera: 50 MP, f/1.8, 26mm (wide), PDAF + 2 MP, f/2.4, (macro) + 2 MP, f/2.4, (depth), Dual LED Flash","Wi-Fi 802.11 a/b/g/n/ac, dual-band, Wi-Fi Direct, hotspot","Accelerometer, Compass, Fingerprint (under display), Gyro, Proximity","(Li-Po Non removable), 5000 mAh"
VivoV23e 256GB,"Rs. 69,999",https://www.whatmobile.com.pk/Vivo_V23e-256GB,Android 11 OS,SIM1: GSM 850 / 900 / 1800 / 1900,Octa-core (2 x 2.05 GHz Cortex-A76 + 6 x 2.0 GHz Cortex-A55),"AMOLED Capacitive Touchscreen, 16M Colors, Multitouch","256GB Built-in, 8GB RAM","Triple Camera: 64 MP, f/1.8, 26mm (wide), PDAF + 8 MP, f/2.2, 16mm (ultrawide), 1/4.0"" + 2 MP, f/2.4, (macro), dual-LED dual-tone flash","Wi-Fi 802.11 a/b/g/n/ac, dual-band, Wi-Fi Direct, hotspot","Accelerometer, Compass, Fingerprint (under display, optical), Gyro, Proximity","(Li-Po Non removable), 4050 mAh"
VivoV23e,"Rs. 64,999",https://www.whatmobile.com.pk/Vivo_V23e,Android 11 OS,SIM1: GSM 850 / 900 / 1800 / 1900,Octa-core (2 x 2.05 GHz Cortex-A76 + 6 x 2.0 GHz Cortex-A55),"AMOLED Capacitive Touchscreen, 16M Colors, Multitouch","128GB Built-in, 8GB RAM","Triple Camera: 64 MP, f/1.8, 26mm (wide), PDAF + 8 MP, f/2.2, 16mm (ultrawide), 1/4.0"" + 2 MP, f/2.4, (macro), dual-LED dual-tone flash","Wi-Fi 802.11 a/b/g/n/ac, dual-band, Wi-Fi Direct, hotspot","Accelerometer, Compass, Fingerprint (under display, optical), Gyro, Proximity","(Li-Po Non removable), 4050 mAh"
VivoV21,"Rs. 59,999",https://www.whatmobile.com.pk/Vivo_V21,Android 11 OS,SIM1: GSM 850 / 900 / 1800 / 1900SIM2: GSM 850 / 900 / 1800 / 1900,Octa-core (2 x 2.4 GHz Cortex-A76 + 6 x 2.0 GHz Cortex-A55),"AMOLED Capacitive Touchscreen, 16M Colors, Multitouch","128GB Built-in, 8GB RAM, UFS 2.2","Triple Camera: 64 MP, f/1.9, 26mm (wide), 1/1.72"", PDAF + 8 MP, f/2.2, 16mm (ultrawide), 1/4.0"", AF + 2 MP, f/2.4, (depth), dual-LED dual-tone flash","Wi-Fi 802.11 a/b/g/n/ac, dual-band, Wi-Fi Direct, hotspot","Accelerometer, Compass, Fingerprint (under display, optical), Gyro, Proximity","(Li-Po Non removable), 4000 mAh"
VivoY21,"Rs. 59,699",https://www.whatmobile.com.pk/Vivo_Y21,Android 11 OS,SIM1: GSM 850 / 900 / 1800 / 1900SIM2: GSM 850 / 900 / 1800 / 1900,Octa-core (4 x 2.35 GHz Cortex-A53 + 4 x 1.8 GHz Cortex-A53),"LCD capacitive Touchscreen, 16M Colors, Multitouch","64/128GB Built-in, 4GB RAM (+1GB extended RAM)","Dual Camera: 13 MP, f/2.2, (wide), PDAF + 2 MP, f/2.4, (macro), LED Flash","Wi-Fi 802.11 a/b/g/n/ac, dual-band, Wi-Fi Direct, hotspot","Accelerometer, Compass, Fingerprint (side mounted), Gyro, Proximity","(Li-Po Non removable), 5000 mAh"
VivoY22,"Rs. 57,999",https://www.whatmobile.com.pk/Vivo_Y22,Android 12 OS,SIM1: GSM 850 / 900 / 1800 / 1900SIM2: GSM 850 / 900 / 1800 / 1900,Octa-core (2 x 2.0 GHz Cortex-A75 + 6 x 1.8 GHz Cortex-A55),"IPS LCD Capacitive Touchscreen, 16M Colors, Multitouch","64GB Built-in, 4GB RAM, (+4GB virtual RAM)","Dual Camera: 50 MP, f/1.8, (wide), PDAF + 2 MP, f/2.4, (macro)","Wi-Fi 802.11 a/b/g/n/ac, dual-band, hotspot","Accelerometer, Compass, Fingerprint (side-mounted), Proximity","(Li-Po Non removable), 5000 mAh"
VivoY100,"Rs. 56,999",https://www.whatmobile.com.pk/Vivo_Y100,Android 14 OS,SIM1: GSM 850 / 900 / 1800 / 1900SIM2: GSM 850 / 900 / 1800 / 1900,Octa-core (4 x 2.8 GHz Cortex-A73 + 4 x 1.9 GHz Cortex-A53),"AMOLED Capacitive Touchscreen, Multitouch","128GB Built-in, 8GB RAM, (+8GB of Extended RAM ), UFS 2.2","Dual Camera: 50 MP, f/1.8, (wide), PDAF + 2 MP, f/2.4, (depth), LED Flash","Wi-Fi 802.11 a/b/g/n/ac, dual-band","Accelerometer, Compass, Fingerprint (under display, optical), Gyro, Proximity","(Non removable), 5000 mAh"
VivoY33T,"Rs. 51,999",https://www.whatmobile.com.pk/Vivo_Y33T,Android 11 OS,SIM1: GSM 850 / 900 / 1800 / 1900SIM2: GSM 850 / 900 / 1800 / 1900,Octa-core (4 x 2.4 GHz Kryo 265 Gold + 4 x 1.9 GHz Kryo 265 Silver),"IPS LCD Capacitive Touchscreen, 16M Colors, Multitouch","128GB Built-in, 8GB RAM","Triple Camera: 50 MP, f/1.8, (wide), PDAF + 2 MP, f/2.4, (macro) + 2 MP, f/2.4, (depth), LED Flash","Wi-Fi 802.11 a/b/g/n/ac, dual-band, Wi-Fi Direct, hotspot","Accelerometer, Compass, FingerPrint (side-mounted), Proximity","(Li-Po Non removable), 5000 mAh"
VivoY33s,"Rs. 51,999",https://www.whatmobile.com.pk/Vivo_Y33s,Android 11 OS,SIM1: GSM 850 / 900 / 1800 / 1900SIM2: GSM 850 / 900 / 1800 / 1900,Octa-core (2 x 2.0 GHz Cortex-A75 + 6 x 1.8 GHz Cortex-A55),"IPS LCD Capacitive Touchscreen, 16M Colors, Multitouch","128GB Built-in, 8GB RAM (+4GB extended RAM)","Triple Camera: 50 MP, f/1.8, (wide), PDAF + 2 MP, f/2.4, (macro) + 2 MP, f/2.4, (depth), LED Flash","Wi-Fi 802.11 a/b/g/n/ac, dual-band, Wi-Fi Direct, hotspot","Accelerometer, Compass, Fingerprint (side mounted), Gyro, Proximity","(Li-Po Non removable), 5000 mAh"
VivoY21t,"Rs. 47,999",https://www.whatmobile.com.pk/Vivo_Y21t,Android 11 OS,SIM1: GSM 850 / 900 / 1800 / 1900SIM2: GSM 850 / 900 / 1800 / 1900,2.4Ghz Octa Core,"IPS LCD Capacitive Touchscreen, 16M Colors, Multitouch","128GB Built-in, 4GB RAM (+2GB virtual RAM)","Triple Camera: 50 MP, f/1.8, 24mm (wide), PDAF + 2 MP, f/2.4, (macro) + 2 MP, f/2.4, (depth), LED Flash","Wi-Fi 802.11 a/b/g/n/ac, dual-band, Wi-Fi Direct, hotspot","Accelerometer, Compass, Fingerprint (side mounted), Proximity","(Li-Po Non removable), 5000 mAh"
VivoV21e,"Rs. 46,999",https://www.whatmobile.com.pk/Vivo_V21e,Android 11 OS,SIM1: GSM 850 / 900 / 1800 / 1900SIM2: GSM 850 / 900 / 1800 / 1900,2.3Ghz Octa Core,"AMOLED Capacitive Touchscreen, 16M Colors, Multitouch","128GB Built-in, 8GB RAM","Triple Camera: 64 MP, f/1.9, 26mm (wide), 1/1.72"", PDAF + 8 MP, f/2.2, 16mm (ultrawide), 1/4.0"", AF + 2 MP, f/2.4, (macro), LED Flash","Wi-Fi 802.11 a/b/g/n/ac, dual-band, Wi-Fi Direct, hotspot","Accelerometer, Compass, Fingerprint (under display, optical), Gyro, Proximity","(Li-Po Non removable), 4000 mAh"
VivoV20 SE,"Rs. 41,999",https://www.whatmobile.com.pk/Vivo_V20-SE,Android 10.0 OS,SIM1: GSM 850 / 900 / 1800 / 1900SIM2: GSM 850 / 900 / 1800 / 1900,Octa-core (4 x 2.0 GHz Kryo 260 Gold + 4 x 1.8 GHz Kryo 260 Silver),"AMOLED Capacitive Touchscreen, 16M Colors, Multitouch","128GB Built-in, 8GB RAM","Triple Camera: 48 MP, f/1.8, 25mm (wide), 1/2.0"", PDAF + 8 MP, f/2.2, 16mm (ultrawide), 1/4.0"", AF + 2 MP, f/2.4, (depth), dual-LED dual-tone flash","Wi-Fi 802.11 a/b/g/n/ac, dual-band, Wi-Fi Direct, hotspot","Accelerometer, Compass, Fingerprint (under display, optical), Gyro, Proximity","(Li-Po Non removable), 4100 mAh"
VivoY53s,"Rs. 40,999",https://www.whatmobile.com.pk/Vivo_Y53s,Android 11 OS,SIM1: GSM 850 / 900 / 1800 / 1900SIM2: GSM 850 / 900 / 1800 / 1900,Octa-core (2 x 2.0 GHz Cortex-A75 + 6 x 1.8 GHz Cortex-A55),"IPS LCD Capacitive Touchscreen, 16M Colors, Multitouch","128GB Built-in, 8GB RAM (+4GB Extended RAM after Upgrade)","Triple Camera: 64 MP, f/1.8, 26mm (wide), 1/1.97, PDAF + 2 MP, f/2.4, (macro) + 2 MP, f/2.4, (depth), LED Flash","Wi-Fi 802.11 a/b/g/n/ac, dual-band, Wi-Fi Direct, hotspot","Accelerometer, Compass, Fingerprint (side monted), Gyro, Proximity","(Li-Po Non removable), 5000 mAh"
VivoY16,"Rs. 39,999",https://www.whatmobile.com.pk/Vivo_Y16,Android 12 OS,SIM1: GSM 850 / 900 / 1800 / 1900SIM2: GSM 850 / 900 / 1800 / 1900,Octa-core (4 x 2.3 GHz Cortex-A53 + 4 x 1.8 GHz Cortex-A53),"IPS LCD Capacitive Touchscreen, 16M Colors, Multitouch","64GB Built-in, 4GB RAM","Dual Camera: 13 MP, f/2.2, (wide), PDAF + 2 MP, f/2.4, (macro), LED Flash","Wi-Fi 802.11 a/b/g/n/ac, dual-band, hotspot","Accelerometer, Compass, Fingerprint (side mounted), Proximity","(Li-Po Non removable), 5000 mAh"
VivoS1 Pro,"Rs. 39,999",https://www.whatmobile.com.pk/Vivo_S1-Pro,Android 9.0 (Pie),SIM1: GSM 850 / 900 / 1800 / 1900SIM2: GSM 850 / 900 / 1800 / 1900,Octa-core (4 x 2.0 GHz Kryo 260 Gold + 4 x 1.8 GHz Kryo 260 Silver),"Super AMOLED capacitive touchscreen, 16M colors, Multitouch","128GB Built-in, 8GB RAM","Quad Camera: 48 MP, f/1.8, (wide), 1/2"", PDAF + 8 MP, f/2.2, 13mm (ultrawide), 1/4"" + 2 MP, f/2.4, 1/5"", (dedicated macro camera) + 2 MP, f/2.4, depth sensor, LED Flash","Wi-Fi 802.11 a/b/g/n/ac, dual-band, Wi-Fi Direct, hotspot","Accelerometer, Compass, Fingerprint (under display, optical), Gyro, Proximity","(Li-Po Non removable), 4500 mAh"
VivoS1 4GB,"Rs. 35,999",https://www.whatmobile.com.pk/Vivo_S1-4GB,Android 9.0 (Pie),SIM1: GSM 850 / 900 / 1800 / 1900SIM2: GSM 850 / 900 / 1800 / 1900,Octa-core (2 x 2.0 GHz Cortex-A75 + 6 x 1.7 GHz Cortex-A55),"Super AMOLED Capacitive Touchscreen, 16M Colors, Multitouch","128GB Built-in, 4GB RAM","Triple Camera: 16 MP, (wide), 1/2.8"", PDAF + 8 MP, f/2.2, 13mm (ultrawide) + 2 MP, f/2.4, depth sensor, LED Flash","Wi-Fi 802.11 a/b/g/n/ac, dual-band, WiFi Direct, hotspot","Accelerometer, Compass, Fingerprint (under display, optical), Proximity","(Li-Po Non removable), 4500 mAh"
VivoY51s,"Rs. 35,999",https://www.whatmobile.com.pk/Vivo_Y51s,Android 10.0 OS,SIM1: GSM 850 / 900 / 1800 / 1900SIM2: GSM 850 / 900 / 1800 / 1900,Octa-core (2 x 2.0 GHz Cortex-A77 + 6 x 1.8 GHz Cortex-A76),"IPS LCD Capacitive Touchscreen, 16M Colors, Multitouch","128GB Built-in, 8GB RAM","Triple Camera: 48 MP + 8 MP + 2 MP, LED Flash","Wi-Fi 802.11 a/b/g/n/ac, dual-band, Wi-Fi Direct, hotspot","Accelerometer, Compass, Fingerprint (side mounted)), Proximity",(Li-Po Non removable) 5000 mAh
VivoY15C,"Rs. 33,999",https://www.whatmobile.com.pk/Vivo_Y15C,Android 12 OS,SIM1: GSM 850 / 900 / 1800 / 1900SIM2: GSM 850 / 900 / 1800 / 1900,2.3 Ghz Octa Core,"IPS LCD Capacitive Touchscreen, 16M Colors, Multitouch","64GB Built-in, 4GB RAM","Dual Camera: 13 MP, f/2.2, 27mm (wide), AF + 2 MP, f/2.4, (depth), LED Flash","Wi-Fi 802.11 b/g/n, Wi-Fi Direct, hotspot","Accelerometer, Compass, Fingerprint (side mounted), Proximity","(Li-Po Non removable), 5000 mAh"
VivoY17,"Rs. 33,999",https://www.whatmobile.com.pk/Vivo_Y17,Android 9.0 Pie,SIM1: GSM 850 / 900 / 1800 / 1900SIM2: GSM 850 / 900 / 1800 / 1900,Octa-core (4 x 2.3 GHz Cortex-A53 + 4 x 1.8 GHz Cortex-A53),"IPS LCD Capacitive Touchscreen, 16M Colors, Multitouch","128GB Built-in, 4GB RAM","Triple Camera: 13 MP, f/2.2, PDAF + 8 MP+ 2 MP, f/2.4, depth sensor, LED Flash","Wi-Fi 802.11 a/b/g/n, Wi-Fi Direct, hotspot, 2.4GHz/5GHz","Accelerometer, Compass, Fingerprint (rear mounted), Proximity",(Li-ion Non removable) 5000 mAh
VivoY51,"Rs. 32,999",https://www.whatmobile.com.pk/Vivo_Y51,Android 10 OS,SIM1: GSM 850 / 900 / 1800 / 1900SIM2: GSM 850 / 900 / 1800 / 1900,Octa-core (4 x 2.0 GHz Kryo 260 Gold + 4 x 1.8 GHz Kryo 260 Silver),"Super AMOLED Capacitive Touchscreen, 16M Colors, Multitouch","128GB Built-in, 4GB RAM","Quad Camera: 48 MP, f/1.8 + 8 MP, f/2.2 + 2 MP, f/2.4 + 2 MP, f/2.4, LED Flash","Wi-Fi 802.11 a/b/g/n/ac, dual-band, Wi-Fi Direct, hotspot","Accelerometer, Compass, Fingerprint (under display, optical), Gyro, Proximity","(Li-Po Non removable), 4500 mAh"
VivoY31,"Rs. 31,999",https://www.whatmobile.com.pk/Vivo_Y31,Android 11 OS,SIM1: GSM 850 / 900 / 1800 / 1900SIM2: GSM 850 / 900 / 1800 / 1900,Octa-core (4 x 2.0 GHz Kryo 260 Gold + 4 x 1.8 GHz Kryo 260 Silver),"IPS LCD Capacitive Touchscreen, 16M Colors, Multitouch","128GB Built-in, 4GB RAM","Triple Camera: 48 MP, f/1.8, (wide), 1/2.0"", PDAF + 2 MP, f/2.4, (macro) + 2 MP, f/2.4, (depth), LED Flash","Wi-Fi 802.11 a/b/g/n/ac, dual-band, Wi-Fi Direct, hotspot","Accelerometer, Compass, Fingerprint (side mounted), Gyro, Proximity","(Li-Po Non removable), 5000 mAh"
VivoY20s,"Rs. 30,999",https://www.whatmobile.com.pk/Vivo_Y20s,Android 10.0 OS,SIM1: GSM 850 / 900 / 1800 / 1900SIM2: GSM 850 / 900 / 1800 / 1900,Octa-core (4 x 1.8 GHz Kryo 240 + 4 x 1.6 GHz Kryo 240),"IPS LCD Capacitive Touchscreen, 16M Colors, Multitouch","128GB Built-in, 4GB RAM","Triple Camera: 13 MP, f/2.2, (wide), PDAF + 2 MP, f/2.4, (macro) + 2 MP, f/2.4, (depth), LED Flash","Wi-Fi 802.11 a/b/g/n/ac, dual-band, Wi-Fi Direct, hotspot","Accelerometer, Fingerprint (side mounted), Proximity","(Li-Po Non removable), 5000 mAh"
VivoY02s,"Rs. 29,999",https://www.whatmobile.com.pk/Vivo_Y02s,Android 12 OS,SIM1: GSM 850 / 900 / 1800 / 1900SIM2: GSM 850 / 900 / 1800 / 1900,Octa-core (4 x 2.35 GHz Cortex-A53 + 4 x 1.8 GHz Cortex-A53),"IPS LCD Capacitive Touchscreen, 16M Colors, Multitouch","32/64GB Built-in, 2/3GB RAM","8 MP, f/2.0, AF, LED Flash","Wi-Fi 802.11 a/b/g/n/ac, dual-band, Wi-Fi Direct, hotspot","Accelerometer, Compass, Proximity","(Li-Po Non removable), 5000 mAh"
VivoY30 128GB,"Rs. 29,999",https://www.whatmobile.com.pk/Vivo_Y30-128GB,Android 10 OS,SIM1: GSM 850 / 900 / 1800 / 1900SIM2: GSM 850 / 900 / 1800 / 1900,Octa-core (4 x 2.35 GHz Cortex-A53 + 4 x 1.8 GHz Cortex-A53),"IPS LCD Capacitive Touchscreen, 16M Colors, Multitouch","128GB Built-in, 4GB RAM","Quad Camera: 13 MP, f/2.2, (wide), PDAF + 8 MP, f/2.2, (ultrawide), 1/4.0"" + 2 MP, f/2.4, (macro) + 2 MP, f/2.4, (depth), LED Flash","Wi-Fi 802.11 b/g/n, Wi-Fi Direct, hotspot","Accelerometer, Compass, Fingerprint (rear mounted), Proximity","(Li-Po Non removable), 5000 mAh"
VivoY15s,"Rs. 29,499",https://www.whatmobile.com.pk/Vivo_Y15s,Android 11.0 (Go edition),SIM1: GSM 850 / 900 / 1800 / 1900SIM2: GSM 850 / 900 / 1800 / 1900,Octa-core (4 x 2.3 GHz Cortex-A53 + 4 x 1.8 GHz Cortex-A53),"IPS LCD Capacitive Touchscreen, 16M Colors, Multitouch","32GB Built-in, 3GB RAM","Dual Camera: 13 MP, f/2.2, 27mm (wide), AF + 2 MP, f/2.4, (depth), LED Flash","Wi-Fi 802.11 b/g/n, Wi-Fi Direct, hotspot","Accelerometer, Compass, Fingerprint (side mounted), Proximity","(Li-Po Non removable), 5000 mAh"
VivoY30,"Rs. 27,999",https://www.whatmobile.com.pk/Vivo_Y30,Android 10 OS,SIM1: GSM 850 / 900 / 1800 / 1900SIM2: GSM 850 / 900 / 1800 / 1900,Octa-core (4 x 2.35 GHz Cortex-A53 + 4 x 1.8 GHz Cortex-A53),"IPS LCD Capacitive Touchscreen, 16M Colors, Multitouch","64GB Built-in, 4GB RAM","Quad Camera: 13 MP, f/2.2, (wide), PDAF + 8 MP, f/2.2, (ultrawide), 1/4.0"" + 2 MP, f/2.4, (macro) + 2 MP, f/2.4, (depth), LED Flash","Wi-Fi 802.11 b/g/n, Wi-Fi Direct, hotspot","Accelerometer, Compass, Fingerprint (rear mounted), Proximity","(Li-Po Non removable), 5000 mAh"
VivoY02,"Rs. 27,999",https://www.whatmobile.com.pk/Vivo_Y02,Android 12 Go edition,SIM1: GSM 850 / 900 / 1800 / 1900SIM2: GSM 850 / 900 / 1800 / 1900,Octa Core,"IPS LCD Capacitive Touchscreen, 16M Colors, Multitouch","32GB Built-in, 3GB RAM, eMMC 5.1","8 MP, f/2.0, AF, LED Flash","Wi-Fi 802.11 a/b/g/n/ac, dual-band","Accelerometer, Proximity","(Li-Po Non removable), 5000 mAh"
VivoY20,"Rs. 26,999",https://www.whatmobile.com.pk/Vivo_Y20,Android 10.0 OS,SIM1: GSM 850 / 900 / 1800 / 1900SIM2: GSM 850 / 900 / 1800 / 1900,Octa-core (4 x 1.8 GHz Kryo 240 + 4 x 1.6 GHz Kryo 240),"IPS LCD Capacitive Touchscreen, 16M Colors, Multitouch","64GB Built-in, 4GB RAM","Triple Camera: 13 MP, f/1.8, (wide), PDAF + 2 MP, f/2.4, (macro) + 2 MP, f/2.4, (depth), LED Flash","Wi-Fi 802.11 a/b/g/n/ac, dual-band, Wi-Fi Direct, hotspot","Accelerometer, Fingerprint (side mounted), Proximity","(Li-Po Non removable), 5000 mAh"
VivoY20 2021,"Rs. 26,999",https://www.whatmobile.com.pk/Vivo_Y20-2021,Android 10 OS,SIM1: GSM 850 / 900 / 1800 / 1900SIM2: GSM 850 / 900 / 1800 / 1900,Octa-core (4 x 2.35 GHz Cortex-A53 + 4 x 1.8 GHz Cortex-A53),"IPS LCD Capacitive Touchscreen, 16M Colors, Multitouch","64GB Built-in, 4GB RAM","Triple Camera: 13 MP, f/1.8, (wide), PDAF + 2 MP, f/2.4, (macro) + 2 MP, f/2.4, (depth), LED Flash","Wi-Fi 802.11 a/b/g/n/ac, dual-band, Wi-Fi Direct, hotspot","Accelerometer, Compass, Fingerprint (side mounted), Gyro, Proximity","(Li-Po Non removable), 5000 mAh"
VivoY02t,"Rs. 24,999",https://www.whatmobile.com.pk/Vivo_Y02t,Android 13 OS,SIM1: GSM 850 / 900 / 1800 / 1900SIM2: GSM 850 / 900 / 1800 / 1900,Octa-core (4 x 2.35 GHz Cortex-A53 + 4 x 1.8 GHz Cortex-A53),"IPS LCD Capacitive Touchscreen, 16M Colors, Multitouch","64GB Built-in, 4GB RAM (+4GB Extended RAM)","8 MP, f/2.0, LED Flash","Wi-Fi 802.11 a/b/g/n/ac, dual-band","Accelerometer, Proximity, Ambient light senso","(Li-Po Non removable), 5000 mAh"
VivoY01,"Rs. 23,999",https://www.whatmobile.com.pk/Vivo_Y01,Android 11.0 (Go edition),SIM1: GSM 850 / 900 / 1800 / 1900SIM2: GSM 850 / 900 / 1800 / 1900,Octa-core (4 x 2.35 GHz Cortex-A53 + 4 x 1.8 GHz Cortex-A53),"IPS LCD Capacitive Touchscreen, 16M Colors, Multitouch","32GB Built-in, 2/3GB RAM","8 MP, LED Flash","Wi-Fi 802.11 a/b/g/n/ac, dual-band, Wi-Fi Direct, hotspot","Accelerometer, Compass, Fingerprint (side mounted), Gyro, Proximity","(Li-Po Non removable), 5000 mAh"
VivoY12s,"Rs. 22,499",https://www.whatmobile.com.pk/Vivo_Y12s,Android 10.0 OS,SIM1: GSM 850 / 900 / 1800 / 1900SIM2: GSM 850 / 900 / 1800 / 1900,Octa-core (4 x 2.35 GHz Cortex-A53 + 4 x 1.8 GHz Cortex-A53),"IPS LCD Capacitive Touchscreen, 16M Colors, Multitouch","32GB Built-in, 3GB RAM","Dual 13 MP, f/2.2, (wide), PDAF + 2 MP, f/2.4, (depth), LED Flash","Wi-Fi 802.11 a/b/g/n/ac, dual-band, Wi-Fi Direct, hotspot","Accelerometer, Compass, Fingerprint (side mounted), Proximity","(Li-Po Non removable), 5000 mAh"
VivoY12A,"Rs. 22,499",https://www.whatmobile.com.pk/Vivo_Y12A,Android 11 OS,SIM1: GSM 850 / 900 / 1800 / 1900SIM2: GSM 850 / 900 / 1800 / 1900,Octa Core,"IPS LCD Capacitive Touchscreen, 16M Colors, Multitouch","32GB Built-in, 3GB RAM","Dual 13 MP + 2 MP, LED Flash","Wi-Fi 802.11 b/g/n, Wi-Fi Direct, hotspot","Accelerometer, Compass, Fingerprint (rear mounted), Proximity","(Li-Po Non removable), 5000 mAh"
VivoY12,"Rs. 20,999",https://www.whatmobile.com.pk/Vivo_Y12,Android 9.0 (Pie),SIM1: GSM 850 / 900 / 1800 / 1900SIM2: GSM 850 / 900 / 1800 / 1900,2.0 Ghz Octa Core Cortex-A53,"IPS LCD Capacitive Touchscreen, 16M Colors, Multitouch","32GB Built-in, 3GB RAM","Triple Camera: 13 MP, f/2.2, PDAF + 8 MP, f/2.2, 16mm (ultrawide) + 2 MP, f/2.4, depth sensor, LED Flash","Wi-Fi 802.11 b/g/n, Wi-Fi Direct, hotspot","Accelerometer, Compass, Fingerprint (rear mounted), Proximity","(Li-Po Non removable), 5000 mAh"
VivoY1s,"Rs. 17,999",https://www.whatmobile.com.pk/Vivo_Y1s,Android 10 OS,SIM1: GSM 850 / 900 / 1800 / 1900SIM2: GSM 850 / 900 / 1800 / 1900,Octa-core (4 x 2.35 GHz Cortex-A53 + 4 x 1.8 GHz Cortex-A53),"IPS LCD Capacitive Touchscreen, 16M Colors, Multitouch","32GB Built-in, 2GB RAM","13 MP, f/2.2, PDAF, LED Flash","Wi-Fi 802.11 b/g/n, Wi-Fi Direct, hotspot","Accelerometer, Compass, Proximity","(Li-ion Non removable), 4030 mAh"
VivoY11 2GB,"Rs. 17,999",https://www.whatmobile.com.pk/Vivo_Y11-2GB,Android 9.0 Pie,SIM1: GSM 850 / 900 / 1800 / 1900SIM2: GSM 850 / 900 / 1800 / 1900,Octa-core (2 x 1.95 GHz Cortex-A53 + 6 x 1.45 GHz Cortex A53),"IPS LCD Capacitive Touchscreen, 16M Colors, Multitouch","32GB Built-in, 2GB RAM","Dual Camera: 13 MP, f/2.2, PDAF + 2 MP, f/2.4, depth sensor, LED Flash","Wi-Fi 802.11 b/g/n, Wi-Fi Direct, hotspot","Accelerometer, Compass, Fingerprint (rear mounted), Proximity","(Li-Po Non removable), 5000 mAh"
VivoV17,N/A,https://www.whatmobile.com.pk/Vivo_V17,Android 9.0 (Pie),SIM1: GSM 850 / 900 / 1800 / 1900SIM2: GSM 850 / 900 / 1800 / 1900,Octa-core (4 x 2.0 GHz Kryo 260 Gold + 4 x 1.8 GHz Kryo 260 Silver),"Super AMOLED Capacitive Touchscreen, 16M Colors, Multitouch","256GB Built-in, 8GB RAM","Quad Camera: 48 MP, f/1.8, (wide), 1/2"", PDAF + 8 MP, f/2.2, 13mm (ultrawide), 1/4"" + 2 MP, f/2.4, 1/5"", (dedicated macro camera) + 2 MP, f/2.4, depth sensor, LED Flash","Wi-Fi 802.11 a/b/g/n/ac, dual-band, WiFi Direct, hotspot","Accelerometer, Compass, Fingerprint (under display, optical), Gyro, Proximity","(Li-Po Non removable), 4500 mAh"
VivoV20,N/A,https://www.whatmobile.com.pk/Vivo_V20,Android 11 OS,SIM1: GSM 850 / 900 / 1800 / 1900SIM2: GSM 850 / 900 / 1800 / 1900,Octa-core (2 x 2.3 GHz Kryo 465 Gold + 6 x 1.8 GHz Kryo 465 Silver),"AMOLED Capacitive Touchscreen, 16M Colors, Multitouch","128GB Built-in, 8GB RAM","Triple Camera: 64 MP, f/1.9, 26mm (wide), 1/1.72"", PDAF + 8 MP, f/2.2, 16mm (ultrawide), 1/4.0"", AF + 2 MP, f/2.4, (depth), dual-LED dual-tone flash","Wi-Fi 802.11 a/b/g/n/ac, dual-band, Wi-Fi Direct, hotspot","Accelerometer, Compass, Fingerprint (under display, optical), Gyro, Proximity","(Li-Po Non removable), 4000 mAh"
VivoY91c,N/A,https://www.whatmobile.com.pk/Vivo_Y91c,Android V8.1 Oreo,SIM1: GSM 850 / 900 / 1800 / 1900SIM2: GSM 850 / 900 / 1800 / 1900,2.0 Ghz Octa Core,"IPS LCD Capacitive Touchscreen, 16M Colors, Multitouch","32GB Built-in, 2GB RAM","13 MP, f/2.4, depth sensor, LED Flash","Wi-Fi 802.11 a/b/g/n/ac, dual-band, Wi-Fi Direct, hotspot","Accelerometer, Compass, Proximity","(Li-Po Non removable), 4030 mAh"
VivoV17 Pro,N/A,https://www.whatmobile.com.pk/Vivo_V17-Pro,Android 9.0 (Pie),SIM1: GSM 850 / 900 / 1800 / 1900SIM2: GSM 850 / 900 / 1800 / 1900,Octa-core (2 x 2.0 GHz Kryo 460 Gold + 6 x 1.7 GHz Kryo 460 Silver),"Super AMOLED capacitive touchscreen, 16M colors, Multitouch","128GB Built-in, 8GB RAM","Quad Camera: 48 MP, f/1.8, 26mm (wide), 1/2.0"", PDAF + 8 MP, f/2.2, 13mm (ultrawide), 1/4"" + 13 MP, (telephoto), PDAF, 2x optical zoom + 2 MP, f/2.4, 1/5"", depth sensor, LED Flash","Wi-Fi 802.11 a/b/g/n/ac, dual-band, WiFi Direct, hotspot","Accelerometer, Compass, Fingerprint (under display), Gyro, Proximity","(Li-Po Non removable), 4100 mAh"
VivoY91D,N/A,https://www.whatmobile.com.pk/Vivo_Y91D,Android 8.1 Oreo,SIM1: GSM 850 / 900 / 1800 / 1900SIM2: GSM 850 / 900 / 1800 / 1900,1.95 Ghz Octa Core,"IPS LCD Capacitive Touchscreen, 16M Colors, Multitouch","32GB Built-in, 2GB RAM","13 MP, LED Flash","Wi-Fi 802.11 b/g/n, Wi-Fi Direct, hotspot","Ambient light, Accelerometer, Compass, Proximity","(Li-Po Non removable), 4030 mAh"
VivoS1,N/A,https://www.whatmobile.com.pk/Vivo_S1,Android 9.0 (Pie),SIM1: GSM 850 / 900 / 1800 / 1900SIM2: GSM 850 / 900 / 1800 / 1900,Octa-core (2 x 2.0 GHz Cortex-A75 + 6 x 1.7 GHz Cortex-A55),"Super AMOLED Capacitive Touchscreen, 16M Colors, Multitouch","128GB Built-in, 4GB RAM","Triple Camera: 16 MP, (wide), 1/2.8"", PDAF + 8 MP, f/2.2, 13mm (ultrawide) + 2 MP, f/2.4, depth sensor, LED Flash","Wi-Fi 802.11 a/b/g/n/ac, dual-band, WiFi Direct, hotspot","Accelerometer, Compass, Fingerprint (under display, optical), Proximity","(Li-Po Non removable), 4500 mAh"
VivoY11,N/A,https://www.whatmobile.com.pk/Vivo_Y11,Android 9.0 Pie,SIM1: GSM 850 / 900 / 1800 / 1900SIM2: GSM 850 / 900 / 1800 / 1900,Octa-core (2 x 1.95 GHz Cortex-A53 + 6 x 1.45 GHz Cortex A53),"IPS LCD Capacitive Touchscreen, 16M Colors, Multitouch","32GB Built-in, 3GB RAM","Dual Camera: 13 MP, f/2.2, PDAF + 2 MP, f/2.4, depth sensor, LED Flash","Wi-Fi 802.11 b/g/n, Wi-Fi Direct, hotspot","Accelerometer, Compass, Fingerprint (rear mounted), Proximity","(Li-Po Non removable), 5000 mAh"
VivoV19,N/A,https://www.whatmobile.com.pk/Vivo_V19,Android 10 OS,SIM1: GSM 850 / 900 / 1800 / 1900SIM2: GSM 850 / 900 / 1800 / 1900,Octa-core (2 x 2.3 GHz Kryo 360 Gold + 6 x 1.7 GHz Kryo 360 Silver),"Super AMOLED Capacitive Touchscreen, 16M Colors, Multitouch","128/256GB Built-in, 8GB RAM","Quad Camera: 48 MP, f/1.8, (wide), 1/2.0"", PDAF + 8 MP, f/2.2, 13mm (ultrawide), 1/4.0"" + 2 MP, f/2.4, (macro), 1/5.0"" +  2 MP, f/2.4, (depth), LED Flash","Wi-Fi 802.11 a/b/g/n, dual-band, Wi-Fi Direct, hotspot","Accelerometer, Compass, Fingerprint (under display, optical), Gyro, Proximity","(Li-Po Non removable), 4500 mAh"
VivoY90,Price N/A,https://www.whatmobile.com.pk/Vivo_Y90,Android Android 8.1 (Oreo),SIM1: GSM 850 / 900 / 1800 / 1900SIM2: GSM 850 / 900 / 1800 / 1900,2.0 Ghz Quad Core Cortex-A53,"IPS LCD Capacitive Touchscreen, 16M Colors, Multitouch","32GB Built-in, 2GB RAM","8 MP, autofocus, LED flash","Wi-Fi 802.11 a/b/g/n/ac, dual-band, Wi-Fi Direct, hotspot","Accelerometer, Compass, Face Unlock, Proximity","(Li-Po Non removable), 4030 mAh"
VivoY91,Price N/A,https://www.whatmobile.com.pk/Vivo_Y91,Android V8.1 Oreo,SIM1: GSM 850 / 900 / 1800 / 1900SIM2: GSM 850 / 900 / 1800 / 1900,Octa-core (2 x 1.95 GHz Cortex-A53 + 6 x 1.45 GHz Cortex A53),"IPS LCD Capacitive Touchscreen, 16M Colors, Multitouch","64GB Built-in, 3GB RAM","Dual 13 MP, f/2.2, PDAF + 2 MP, f/2.4, depth sensor, LED Flash","Wi-Fi 802.11 a/b/g/n/ac, dual-band, Wi-Fi Direct, hotspot","Accelerometer, Compass, Fingerprint (rear mounted), Proximity","(Li-Po Non removable), 4030 mAh"
VivoV9 Youth,Price N/A,https://www.whatmobile.com.pk/Vivo_V9-Youth,,,,,,,,,
VivoV15 Pro,Price N/A,https://www.whatmobile.com.pk/Vivo_V15-Pro,Android 9.0 (Pie),SIM1: GSM 850 / 900 / 1800 / 1900SIM2: GSM 850 / 900 / 1800 / 1900,Octa-core (2 x 2.0 GHz Kryo 460 Gold + 6 x 1.7 GHz Kryo 460 Silver),"Super AMOLED capacitive touchscreen, 16M colors, Multitouch","128GB Built-in, 6GB RAM","Triple Camera: 48 MP, f/1.8, 1/2"", PDAF + 8 MP, f/2.2, 13mm (ultrawide) + 5 MP, f/2.4, depth sensor, f/2.4, depth sensor, Dual LED Flash","Wi-Fi 802.11 a/b/g/n/ac, dual-band, WiFi Direct, hotspot","Accelerometer, Compass, Fingerprint (under display), Gyro, Proximity","(Li-Po Non removable), 3700 mAh"
VivoV15,Price N/A,https://www.whatmobile.com.pk/Vivo_V15,,,,,,,,,
VivoY15,Price N/A,https://www.whatmobile.com.pk/Vivo_Y15,Android 9.0 Pie,SIM1: GSM 850 / 900 / 1800 / 1900SIM2: GSM 850 / 900 / 1800 / 1900,2.0 Ghz Octa Core Cortex-A53,"IPS LCD Capacitive Touchscreen, 16M Colors, Multitouch","64GB Built-in, 4GB RAM","Triple Camera: 13 MP, f/2.2, PDAF + 8 MP, f/2.2, 16mm (ultrawide) + 2 MP, f/2.4, depth sensor, LED Flash","Wi-Fi 802.11 a/b/g/n, Wi-Fi Direct, hotspot, 2.4GHz/5GHz","Accelerometer, Compass, Fingerprint (rear mounted), Proximity","(Li-Po Non removable), 5000 mAh"
VivoY95,Price N/A,https://www.whatmobile.com.pk/Vivo_Y95,Android V8.1 Oreo,SIM1: GSM 850 / 900 / 1800 / 1900SIM2: GSM 850 / 900 / 1800 / 1900,Octa-core (2 x 1.95 GHz Cortex-A53 + 6 x 1.45 GHz Cortex A53),"IPS LCD Capacitive Touchscreen, 16M Colors, Multitouch","64GB Built-in, 4GB RAM","Dual 13 MP, f/2.2, PDAF + 2 MP, f/2.4, depth sensor, LED Flash","Wi-Fi 802.11 a/b/g/n/ac, dual-band, Wi-Fi Direct, hotspot","Accelerometer, Compass, Fingerprint (rear mounted) , Gyro, Proximity","(Li-Po Non removable), 4030 mAh"
VivoX300 FE,"Expected Price Rs. 224,999",https://www.whatmobile.com.pk/Vivo_X300-FE,Android 16 OS,SIM1: GSM 850 / 900 / 1800 / 1900SIM2: GSM 850 / 900 / 1800 / 1900,3.2 Ghz Octa Core,LTPO AMOLED Capacitive Touchscreen,"256GB Built-in, 12GB RAM","Triple Camera: 50 MP + 50 MP + 32 MP, LED Flash","Wi-Fi 802.11 a/b/g/n/ac/6/7, dual-band","Accelerometer, color spectrum, Compass, Fingerprint (under display, ultrasonic), Gyro, Proximity, Satellite connectivity support (optional)",Li-ion Si-Ca 7000 mAh
VivoV70 Lite,"Expected Price Rs. 79,999",https://www.whatmobile.com.pk/Vivo_V70-Lite,Android 16 OS,SIM1: GSM 850 / 900 / 1800 / 1900SIM2: GSM 850 / 900 / 1800 / 1900,Octa Core,"AMOLED Capacitive Touchscreen, 1B Colors","256GB Built-in, 8GB RAM","Dual Camera: 50 MP, f/1.8, (wide), 1/1.95"", PDAF + 8 MP, f/2.2, (ultrawide, Ring-LED flash","Wi-Fi 802.11 a/b/g/n/ac, dual-band","Accelerometer, Compass, Fingerprint (under display, optical), Gyro, Proximity, Circle to Search",Li-ion Si-Ca 7000 mAh
VivoY500 Pro,"Expected Price Rs. 95,999",https://www.whatmobile.com.pk/Vivo_Y500-Pro,Android 15 OS,SIM1: GSM 850 / 900 / 1800 / 1900SIM2: GSM 850 / 900 / 1800 / 1900,2.5 Ghz Octa Core,"AMOLED Capacitive Touchscreen, 1B Colors","256/512GB Built-in, 12GB RAM","Triple Camera: 200 MP main snsor, LED Flash","Wi-Fi 802.11 a/b/g/n/ac/6, dual-band","Accelerometer, Compass, Fingerprint (under display, optical), Gyro, Proximity",Li-ion Si-Ca 8200 mAh
VivoY50i,"Expected Price Rs. 57,999",https://www.whatmobile.com.pk/Vivo_Y50i,Android 15 OS,SIM1: GSM 850 / 900 / 1800 / 1900SIM2: GSM 850 / 900 / 1800 / 1900,Octa Core,IPS LCD Capacitive Touchscreen,"128GB Built-in, 6GB RAM","Single Camera: 13 MP, LED Flash","Wi-Fi 802.11 b/g/n, Wi-Fi Direct, hotspot","Accelerometer, Compass, Fingerprint (rear mounted), Proximity",6000 mAh
VivoV60e,"Expected Price Rs. 119,999",https://www.whatmobile.com.pk/Vivo_V60e,"Android 15 OS, up to 3 major Android upgrades",SIM1: GSM 850 / 900 / 1800 / 1900SIM2: GSM 850 / 900 / 1800 / 1900,Octa-core (4 x 2.5 GHz Cortex-A78 + 4 x 2.0 GHz Cortex-A55),"AMOLED Capacitive Touchscreen, 1B Colors","128/256GB Built-in, 8/12GB RAM, UFS 2.2","Dual Camera: 200 MP, f/1.9, 23mm (wide), 1/1.56"", PDAF, OIS + 8 MP, f/2.2, (ultrawide), Ring-LED flash","Wi-Fi 802.11 a/b/g/n/ac, dual-band","Accelerometer, Compass, Fingerprint (under display, optical), Gyro, Proximity",Li-ion Si-Ca 6500 mAh
VivoY31 Pro,"Expected Price Rs. 60,999",https://www.whatmobile.com.pk/Vivo_Y31-Pro,Android 15 OS,SIM1: GSM 850 / 900 / 1800 / 1900SIM2: GSM 850 / 900 / 1800 / 1900,Octa-core (4 x 2.5 GHz Cortex-A78 + 4 x 2.0 GHz Cortex-A55),IPS LCD Capacitive Touchscreen,"128/256GB Built-in, 8GB RAM, UFS 3.1","Dual Camera: 50 MP, f/1.8, (wide), PDAF + 2 MP, f/2.4, (depth), Ring-LED flash","Wi-Fi 802.11 a/b/g/n/ac, dual-band","Accelerometer, Circle to Search, Compass, Fingerprint (side mounted), Proximity",Li-ion 6500 mAh
